Configuration Fields,Frequency(50/60),Data Rate,Number of Phasor(integer),Number of Analog(integer),Number of Digital(zero),Data Format (integer: 0-15),Phasor-1 Name(upto 16-char),Phasor-1 Type(v/c),Phasor-1 PHNMR(scaling),Phasor-2 Name(upto 16-char),Phasor-2 Type(v/c),Phasor-2 PHNMR(scaling),Phasor-3 Name(upto 16-char),Phasor-3 Type(v/c),Phasor-3 PHNMR(scaling),Phasor-4 Name(upto 16-char),Phasor-4 Type(v/c),Phasor-4 PHNMR(scaling),
Configuration Field Inputs,50,50,4,0,0,15,V1,v,10000,I2,c,100,I3,c,100,I4,c,100,
Measurements Fields,Time Stamp,Phasor-1 Magnitude,Phasor-1 Angle,Phasor-2 Magnitude,Phasor-2 Angle,Phasor-3 Magnitude,Phasor-3 Angle,Phasor-4 Magnitude,Phasor-4 Angle,Frequency,ROCOF,
Measurements Field Inputs,0,1.12695888498,-8.62469450042,1.10276189677,165.182837824,0.989029856627,-7.62044218318,0.114473698263,-28.8004093489,49.9999981251,1.34487981078,
 ,0.02,1.12695887116,-8.62469270616,1.10276198387,165.182841166,0.989029924523,-7.62043938014,0.114473718976,-28.8004035218,49.9999991699,0.494748668837,
 ,0.04,1.12695886803,-8.62469163472,1.10276198704,165.182842063,0.98902992561,-7.62043851066,0.114473720684,-28.8004023895,49.9999995988,0.182005892059,
 ,0.06,1.12695886601,-8.62469017297,1.10276197834,165.182843079,0.989029916195,-7.62043747856,0.114473720477,-28.800401067,49.9999997206,0.0669556876971,
 ,0.08,1.12695886415,-8.62468822222,1.10276196522,165.182844423,0.989029901876,-7.62043611309,0.114473720325,-28.80039914,49.9999997224,0.0246316406247,
 ,0.1,0.581432015855,-3.24010697635,0.780409475317,-152.349841616,0.760457418515,35.1012525646,0.0762511946181,-19.3377404769,49.1027795983,3.89009524612,
 ,0.12,0.578208661101,-2.59053594114,0.791557690467,-152.869864755,0.763464417081,34.8239453661,0.0839116109857,-17.6222893507,49.5950757104,-0.894306484756,
 ,0.14,1.11336259226,-6.95436639223,1.12030402325,166.669464396,0.997421370234,-6.3700215543,0.122369078337,-25.514693895,50.1509616794,-2.80550222122,
 ,0.16,1.11629535801,-6.68204924446,1.1004579501,166.527141974,0.984668461926,-6.39395558905,0.114965551951,-26.6099702351,50.0295775489,-0.434642076589,
 ,0.18,1.11582827881,-6.10052044459,1.09896489761,166.93799986,0.983725407682,-5.9985664956,0.114050236636,-26.1487023819,49.9621960985,0.15673284387,
 ,0.2,1.11501024582,-5.49563069137,1.09960793027,167.387582638,0.984072088378,-5.57890305961,0.113955081497,-25.5214833143,49.9339619506,0.189417720008,
 ,0.22,1.11413797888,-4.88807353036,1.10099044637,167.851673118,0.985117303017,-5.14755129289,0.113929362046,-24.8920307559,49.9226880208,0.122186704246,
 ,0.24,1.11327201502,-4.2810929999,1.10306878165,168.332537757,0.986907984587,-4.70162139314,0.113896053093,-24.2714043914,49.9183530316,0.0650261427775,
 ,0.26,1.11244399236,-3.676693299,1.1059083205,168.83188533,0.989513763199,-4.23954527302,0.113856445352,-23.6580832192,49.9169066994,0.0304592657854,
 ,0.28,1.1116760112,-3.07648754132,1.10957386654,169.35072949,0.992998177451,-3.76037426161,0.113815935566,-23.0514391338,49.9167241107,0.0117855359546,
 ,0.3,1.11098426808,-2.48183187033,1.11411921611,169.889602318,0.997415114812,-3.26356276459,0.113777687347,-22.4518535057,49.9171475792,0.0020304882161,
 ,0.32,1.11038022358,-1.89390529981,1.11958498755,170.448552221,1.002805781,-2.74900228832,0.113743310094,-21.8601274473,49.9179056577,-0.0031725531064,
 ,0.34,1.10987101273,-1.31375063612,1.12599736269,171.027121058,1.00919660554,-2.21706011878,0.113713575532,-21.2771649276,49.9188811527,-0.00614919314814,
 ,0.36,1.10945967979,-0.742294093305,1.13336721065,171.624341645,1.01659798485,-1.6685874756,0.113688776663,-20.7038354964,49.9200184976,-0.00804237649201,
 ,0.38,1.10914546961,-0.180356586207,1.14168957395,172.23875702,1.02500364392,-1.10490110704,0.113668895909,-20.1409211762,49.9212869835,-0.00938869945363,
 ,0.4,1.10892424077,0.371336827676,1.15094352789,172.86845732,1.03439049366,-0.527745351135,0.113653692871,-19.5891014232,49.9226663651,-0.0104347621745,
 ,0.42,1.10878899042,0.912146525107,1.16109241239,173.511129814,1.04471891964,0.0607592612418,0.113642760893,-19.0489561321,49.9241414012,-0.0112951981129,
 ,0.44,1.10873045108,1.44150580399,1.17208441661,174.164117754,1.05593345432,0.658175615541,0.113635571409,-18.5209780254,49.9256999396,-0.0120273184045,
 ,0.46,1.10873771118,1.95890603751,1.18385347895,174.824484017,1.06796378185,1.26181330742,0.113631512328,-18.0055904047,49.9273323805,-0.0126649707993,
 ,0.48,1.10879881459,2.46387977408,1.1963204513,175.489076004,1.08072601737,1.86879189673,0.113629921773,-17.5031680275,49.9290316376,-0.0132332770181,
 ,0.5,1.10890130355,2.95598242596,1.20939446908,176.154588925,1.09412419767,2.47610130734,0.113630116993,-17.0140594992,49.9307932268,-0.013754608192,
 ,0.52,1.10903268128,3.43477344047,1.22297446739,176.817625385,1.1080519197,3.08065748619,0.11363141807,-16.5386097786,49.9326153246,-0.0142505828529,
 ,0.54,1.10918078329,3.89979797809,1.23695078848,177.474749897,1.12239406876,3.67935226396,0.113633166423,-16.0771815176,49.9344987249,-0.0147422754187,
 ,0.56,1.1093340581,4.35057011717,1.25120683457,178.122537575,1.13702858692,4.2690969992,0.113634738531,-15.6301741208,49.9364466705,-0.0152496613505,
 ,0.58,1.10948176728,4.78655847047,1.26562073123,178.757616671,1.15182824358,4.84686000145,0.113635555692,-15.1980396608,49.9384645643,-0.0157908140035,
 ,0.6,1.10961412111,5.20717486404,1.28006697796,179.376704883,1.16666238192,5.40969794089,0.11363509083,-14.7812951009,49.9405595837,-0.0163811321027,
 ,0.62,1.10972236911,5.61176645154,1.29441807292,179.976639538,1.18139862557,5.95478152948,0.113632873432,-14.3805306056,49.9427402303,-0.0170327461331,
 ,0.64,1.10979886444,5.9996113812,1.3085461069,-179.445598184,1.19590453861,6.47941578779,0.113628493595,-13.9964139899,49.9450158485,-0.0177541592878,
 ,0.66,1.10983711879,6.36991795235,1.32232432675,-178.892864672,1.21004923802,6.98105526365,0.113621605964,-13.629691529,49.9473961417,-0.0185501065959,
 ,0.68,1.10983185953,6.72182711714,1.33562867038,-178.36784046,1.22370496033,7.4573146807,0.113611934065,-13.2811853951,49.9498906999,-0.0194215688345,
 ,0.7,1.10977909481,7.05441818154,1.34833927418,-177.873021269,1.2367485838,7.90597566411,0.113599275186,-12.9517879432,49.9525085449,-0.0203658638722,
 ,0.72,1.10967618614,7.3667175916,1.36034194796,-177.410712605,1.24906310279,8.32499038168,0.113583505617,-12.6424529802,49.9552576905,-0.0213767575028,
 ,0.74,1.10952192134,7.65771069757,1.37152960443,-176.983026841,1.26053904363,8.71248310547,0.113564585727,-12.3541841002,49.9581447179,-0.022444576963,
 ,0.76,1.10931657639,7.9263563327,1.38180361943,-176.591881599,1.27107580135,9.0667508089,0.113542564096,-12.0880201891,49.9611743695,-0.0235563529292,
 ,0.78,1.10906195157,8.17160392414,1.3910750882,-176.238998264,1.28058286626,9.38626394744,0.113517579837,-11.8450183004,49.9643491752,-0.0246960395937,
 ,0.8,1.10876136818,8.39241270349,1.39926593378,-175.925899543,1.28898090075,9.66966853333,0.113489862273,-11.6262342559,49.9676691288,-0.0258448566772,
 ,0.82,1.10841961501,8.58777245957,1.40630981908,-175.653905102,1.29620262157,9.91579051061,0.113459727422,-11.4327014601,49.9711314326,-0.0269817657007,
 ,0.84,1.10804284002,8.75672521818,1.41215281519,-175.424124533,1.30219344383,10.1236432638,0.113427571134,-11.2654085065,49.9747303229,-0.0280840519578,
 ,0.86,1.1076383903,8.89838725687,1.41675378636,-175.237447163,1.30691184962,10.2924388349,0.113393859204,-11.1252761644,49.9784569777,-0.0291279544045,
 ,0.88,1.10721461137,9.01197093845,1.42008446664,-175.094528572,1.3103294571,10.42160305,0.113359115296,-11.0131343038,49.9822995021,-0.0300892833808,
 ,0.9,1.10678062376,9.09680592321,1.4221292217,-174.995774162,1.31243078318,10.510794258,0.113323907838,-10.9296992877,49.9862429825,-0.0309439925457,
 ,0.92,1.10634609872,9.15235933978,1.42288451073,-174.941320675,1.31321271266,10.5599247669,0.113288837234,-10.8755523745,49.9902696061,-0.0316687139501,
 ,0.94,1.10592105505,9.17825443261,1.42235808371,-174.931017154,1.31268370579,10.5691833977,0.113254524624,-10.8511197632,49.9943588481,-0.0322413025694,
 ,0.96,1.10551569478,9.17428707441,1.42056796738,-174.964407408,1.31086279354,10.5390569588,0.113221603055,-10.8566550372,49.99848774,-0.032641449179,
 ,0.98,1.10514028674,9.14043938837,1.41754130583,-175.040716375,1.30777842266,10.4703479958,0.113190711334,-10.8922248693,50.0026312345,-0.032851399632,
 ,1.0,1.10480509617,9.07688964152,1.41331312928,-175.15884291,1.30346722032,10.3641860089,0.11316249015,-10.9576988703,50.00676268,-0.0328567705252,
 ,1.02,1.10452034615,8.98401760644,1.40792512514,-175.317361264,1.29797275033,10.2220295122,0.113137579384,-11.052744333,50.0108544032,-0.0326473940711,
 ,1.04,1.1042961866,8.86240477373,1.40142448078,-175.514532959,1.29134432888,10.0456568478,0.113116615007,-11.1768263478,50.0148783844,-0.032218080378,
 ,1.06,1.10414264041,8.71282911534,1.39386285611,-175.748329955,1.28363595838,9.83714448664,0.113100223795,-11.3292133684,50.0188069898,-0.0315691696283,
 ,1.08,1.1040694956,8.53625449703,1.38529552913,-176.016469029,1.27490542393,9.59883255296,0.113089014197,-11.5089878673,50.0226137139,-0.0307067649174,
 ,1.1,1.10408611887,8.33381524806,1.37578073859,-176.316456346,1.26521357885,9.33327835452,0.113083562255,-11.7150613232,50.0262738802,-0.0296425821965,
 ,1.12,1.10420117792,8.10679674735,1.36537922744,-176.645640339,1.25462382572,9.04319967402,0.113084392267,-11.9461924938,50.0297652483,-0.0283934125341,
 ,1.14,1.10442227648,7.85661313177,1.35415397111,-177.001270378,1.24320177971,8.73141038684,0.113091952914,-12.2010077956,50.0330684906,-0.0269802481853,
 ,1.16,1.10475552391,7.58478334752,1.34217005654,-177.380558269,1.23101508267,8.40075156517,0.113106590573,-12.4780226364,50.0361675113,-0.0254271660713,
 ,1.18,1.10520507755,7.29290675297,1.32949466431,-177.780739441,1.2181333224,8.05402159515,0.113128522379,-12.7756627006,50.0390496008,-0.0237600847055,
 ,1.2,1.10577270732,6.98263935941,1.31619709717,-178.19913069,1.20462800251,7.69390897337,0.113157812073,-13.0922844309,50.0417054304,-0.0220055133348,
 ,1.22,1.10645743661,6.65567159788,1.30234879577,-178.633181535,1.19057250502,7.3229313726,0.113194351767,-13.4261942195,50.044128908,-0.0201893979257,
 ,1.24,1.10725530994,6.31370826531,1.28802328504,-179.080516602,1.17604199148,6.94338428342,0.113237852303,-13.7756660697,50.0463169203,-0.0183361419233,
 ,1.26,1.10815932648,5.95845107071,1.27329600429,-179.538966935,1.16111319752,6.55730205562,0.113287844096,-14.138957669,50.0482689931,-0.0164678455375,
 ,1.28,1.10915956107,5.5915840056,1.25824398822,179.993411273,1.14586409037,6.1664334922,0.113343689189,-14.5143249001,50.0499868992,-0.0146037723076,
 ,1.3,1.11024347316,5.21476161761,1.24294538462,179.518331303,1.13037337755,5.77223330924,0.113404604019,-14.9000348121,50.0514742387,-0.012760023717,
 ,1.32,1.11139638231,4.82960016859,1.22747881528,179.037283905,1.11471987546,5.37586980078,0.113469691125,-15.294377002,50.0527360113,-0.0109493888594,
 ,1.34,1.1126020695,4.43767158302,1.21192260831,178.551557855,1.09898176725,4.97824798642,0.11353797702,-15.6956732765,50.0537781979,-0.00918133976818,
 ,1.36,1.11384344916,4.04050000558,1.19635394892,178.062271458,1.08323579758,4.58004643822,0.113608452775,-16.1022854241,50.0546073668,-0.00746216035467,
 ,1.38,1.11510325033,3.63956066359,1.18084801043,177.570412613,1.06755646499,4.18176496793,0.113680113649,-16.5126209832,50.0552303222,-0.00579521733034,
 ,1.4,1.11636464665,3.23628057063,1.16547713567,177.076884465,1.05201527929,3.78377950928,0.113751994326,-16.9251370384,50.0556538177,-0.00418139094841,
 ,1.42,1.11761178404,2.83204044432,1.15031013869,176.582553234,1.03668014979,3.38639996912,0.113823197048,-17.3383422908,50.0558843538,-0.00261967119325,
 ,1.44,1.11883017116,2.42817709999,1.13541178838,176.088294746,1.02161496071,2.98992665347,0.11389291097,-17.750797855,50.0559280777,-0.00110789008122,
 ,1.46,1.1200069165,2.02598557934,1.12084251971,175.595036395,1.00687937305,2.59470117252,0.113960422224,-18.1611173575,50.0557907872,0.000356485827598,
 ,1.48,1.12113081673,1.62672040991,1.10665839551,175.103791941,0.992528869944,2.20114850135,0.114025115422,-18.5679669036,50.0554780247,0.0017756169409,
 ,1.5,1.12219231836,1.23159565081,1.09291131617,174.615687414,0.978615036894,1.80980803981,0.114086468305,-18.9700653373,50.0549952329,0.0031507304816,
 ,1.52,1.12318338815,0.841783703455,1.07964944682,174.131977487,0.96518604274,1.42135291248,0.114144041902,-19.3661849885,50.0543479283,0.0044818342521,
 ,1.54,1.12409733466,0.458413163208,1.06691780707,173.654052708,0.952287263669,1.03659814586,0.114197468876,-19.7551528675,50.0535418543,0.00576773725843,
 ,1.56,1.12492862404,0.0825661771832,1.05475894772,173.183438799,0.939961974533,0.656499512561,0.114246442607,-20.1358521071,50.0525830809,0.00700633289663,
 ,1.58,1.12567272825,-0.284724193193,1.0432136265,172.721789601,0.928252020773,0.282145535217,0.114290709101,-20.5072234193,50.0514780375,0.00819503479759,
 ,1.6,1.12632603432,-0.642476225094,1.03232139163,172.270875291,0.91719838216,-0.0852547146008,0.11433006316,-20.8682664232,50.0502334897,0.00933122369786,
 ,1.62,1.12688583116,-0.989761243216,1.02212098887,171.832566983,0.906841546959,-0.444385799991,0.114364349435,-21.2180408598,50.0488564786,0.0104125751295,
 ,1.64,1.12735037669,-1.32570487089,1.01265052446,171.408818199,0.897221631454,-0.793840705386,0.114393468142,-21.5556678834,50.0473542584,0.0114371854968,
 ,1.66,1.12771903432,-1.64948810797,1.00394734073,171.001642929,0.88837820343,-1.1321359068,0.114417384444,-21.8803317185,50.0457342588,0.0124034792875,
 ,1.68,1.12799245584,-1.96034862461,0.996047590585,170.613089424,0.880349796712,-1.45772743381,0.114436139877,-22.1912819819,50.0440040926,0.01330994037,
 ,1.7,1.12817277813,-2.25758266054,0.98898552779,170.245208609,0.873173134028,-1.76902938978,0.11444986373,-22.4878368796,50.0421716165,0.0141547486086,
 ,1.72,1.12826379621,-2.54054783433,0.982792558684,169.900016223,0.866882104069,-2.06443671333,0.114458782143,-22.7693873382,50.0402450388,0.0149354130443,
 ,1.74,1.12827107455,-2.80866703332,0.977496124574,169.579448347,0.861506562746,-2.34235376412,0.114463222784,-23.0354019645,50.03823306,0.0156484791867,
 ,1.76,1.12820196394,-3.06143340486,0.97311850001,169.285310959,0.857071045698,-2.60122962825,0.11446361343,-23.2854325863,50.0361450268,0.0162893613901,
 ,1.78,1.12806550099,-3.29841632905,0.96967559939,169.019225185,0.853593487681,-2.83960000023,0.114460473407,-23.5191200366,50.0339910798,0.0168523237374,
 ,1.8,1.12787218128,-3.51926812894,0.9671758825,168.782570962,0.851084043753,-3.05613431095,0.114454397745,-23.7361998025,50.0317822743,0.0173306119646,
 ,1.82,1.12763361282,-3.72373116885,0.965619439264,168.57643251,0.849544097499,-3.24968566974,0.114446034816,-23.9365071605,50.0295306583,0.0177167266744,
 ,1.84,1.12736207244,-3.91164490067,0.964997316638,168.401549368,0.848965524076,-3.41934038154,0.11443605913,-24.1199814438,50.0272492926,0.018002821852,
 ,1.86,1.127070001,-4.08295234331,0.965291128003,168.258276512,0.84933025235,-3.56446342448,0.114425141628,-24.2866691175,50.0249521998,0.0181812090539,
 ,1.88,1.12676948298,-4.23770542119,0.966472959825,168.146556492,0.850610143274,-3.68473636411,0.114413920285,-24.436725365,50.0226542347,0.0182449451514,
 ,1.9,1.12647175875,-4.37606854473,0.968505564078,168.065905568,0.852767173657,-3.78018467229,0.114402973841,-24.5704138918,50.020370869,0.0181884810869,
 ,1.92,1.12618681463,-4.4983197841,0.971342800695,168.015414798,0.855753888591,-3.85119217579,0.114392801115,-24.6881046248,50.0181178861,0.0180083512549,
 ,1.94,1.12592308544,-4.60484896922,0.974930274775,167.993766081,0.859514065213,-3.89850122578,0.114383807658,-24.7902689188,50.0159109859,0.0177038850567,
 ,1.96,1.12568728912,-4.69615205615,0.979206101072,167.999262348,0.863983517752,-3.92319804281,0.1143763005,-24.877471804,50.0137652988,0.017277917481,
 ,1.98,1.1254843949,-4.77282116372,0.984101725273,168.029870599,0.869090970842,-3.92668349585,0.114370490663,-24.9503607565,50.0116948189,0.016737458104,
 ,2.0,1.12531770926,-4.83552984701,0.989542738473,168.083276046,0.874758935381,-3.91063033389,0.11436650215,-25.0096505194,50.0097117723,0.01609424772,
 ,2.02,1.1251890499,-4.88501346847,0.99544963747,168.156945324,0.880904537753,-3.87692863166,0.114364385337,-25.0561037037,50.007825956,0.0153650985714,
 ,2.04,1.12509896985,-4.92204495787,1.00173850668,168.248196412,0.887440276625,-3.82762195418,0.11436413236,-25.090507265,50.0060440959,0.0145718949725,
 ,2.06,1.12504699289,-4.94740677458,1.00832162455,168.354272507,0.894274708388,-3.76483744275,0.114365692143,-25.1136454617,50.0043692896,0.0137411430264,
 ,2.08,1.12503182739,-4.96186041515,1.01510802409,168.472416791,0.901313088659,-3.6907135879,0.114368983149,-25.1262704606,50.0028006008,0.0129030087787,
 ,2.1,1.12505153664,-4.9661152386,1.02200405997,168.59994479,0.908458019314,-3.60732976335,0.114373902717,-25.1290722408,50.0013328691,0.0120898660181,
 ,2.12,1.12510365765,-4.9607986196,1.02891404918,168.73431104,0.915610164852,-3.5166415545,0.114380332671,-25.1226497617,49.9999567739,0.0113344666246,
 ,2.14,1.12518527384,-4.94642943454,1.03574105718,168.873167065,0.922669106191,-3.42042548759,0.114388141756,-25.1074854204,49.9986591669,0.0106679205055,
 ,2.16,1.12529305726,-4.92339664734,1.04238789369,169.014408244,0.929534392995,-3.32023598517,0.114397185978,-25.0839246381,49.9974236551,0.0101177066366,
 ,2.18,1.12542330143,-4.89194434909,1.048758364,169.156207953,0.936106837741,-3.21737634534,0.114407308265,-25.0521620252,49.9962313899,0.00970592347743,
 ,2.2,1.12557196596,-4.85216410389,1.05475879328,169.297038282,0.942290067718,-3.11288439435,0.114418338741,-25.0122350644,49.9950620036,0.00944793465793,
 ,2.22,1.12573474846,-4.80399494401,1.0602998066,169.435677571,0.947992318216,-3.00753233241,0.11443009656,-24.964025713,49.9938946256,0.00935149476028,
 ,2.24,1.12590719105,-4.74723089491,1.06529831145,169.571205873,0.953128415466,-2.90183928626,0.114442393679,-24.9072698075,49.9927089144,0.00941637338167,
 ,2.26,1.12608481795,-4.68153551565,1.06967959581,169.702990181,0.957621866015,-2.79609427205,0.114455040324,-24.8415736992,49.9914860482,0.00963444969513,
 ,2.28,1.12626329121,-4.6064626065,1.07337942911,169.830661812,0.961406944431,-2.69038670046,0.114467851348,-24.766437149,49.9902096231,0.00999022859108,
 ,2.3,1.12643856394,-4.52148195129,1.0763460387,169.954088662,0.964430657089,-2.5846412452,0.114480652311,-24.6812811767,49.9888664167,0.0104617255414,
 ,2.32,1.12660700759,-4.42600872434,1.07854183325,170.073345179,0.966654458189,-2.47865385559,0.114493284001,-24.5854792913,49.9874469802,0.0110216670893,
 ,2.34,1.1267654909,-4.31943501768,1.07994475675,170.18868273,0.968055605618,-2.37212592116,0.114505604281,-24.4783903561,49.985946031,0.0116389456652,
 ,2.36,1.12691139485,-4.20116186304,1.08054918153,170.300502692,0.968628067287,-2.26469406717,0.114517486596,-24.3593913044,49.9843626292,0.0122802476931,
 ,2.38,1.12704255753,-4.07063016292,1.08036628245,170.409333975,0.968382920524,-2.15595372463,0.114528815054,-24.2279080281,49.9827001351,0.0129117486287,
 ,2.4,1.12715715515,-3.92734911599,1.07942387338,170.515816022,0.96734822414,-2.04547539868,0.114539476696,-24.0834430354,49.9809659639,0.0135007495099,
 ,2.42,1.12725353695,-3.77092100808,1.0777657268,170.620687542,0.965568380683,-1.93281336062,0.114549352137,-23.9255988566,49.9791711679,0.0140171278603,
 ,2.44,1.12733004098,-3.60106159971,1.07545043288,170.724780565,0.963103041083,-1.81750722297,0.114558306211,-23.7540966319,49.9773298911,0.0144344962917,
 ,2.46,1.12738482288,-3.41761572187,1.07254988317,170.829018844,0.960025631629,-1.6990774583,0.114566180399,-23.5687897536,49.975458745,0.0147310014597,
 ,2.48,1.1274157293,-3.22056804163,1.06914748169,170.934419215,0.95642160138,-1.57701636182,0.114572788659,-23.3696728045,49.973576156,0.0148897449385,
 ,2.5,1.12742024198,-3.0100492385,1.06533619335,171.042094303,0.952386495156,-1.4507762443,0.114577917866,-23.1568862894,49.9717017254,0.0148988554224,
 ,2.52,1.12739550894,-2.78633801764,1.06121653428,171.153254828,0.948023953148,-1.31975679944,0.11458133345,-22.9307177753,49.9698556346,0.014751280034,
 ,2.54,1.12733846633,-2.54985947044,1.05689459422,171.269209786,0.943443724356,-1.18329364436,0.114582790073,-22.6916000511,49.9680581135,0.0144443866085,
 ,2.56,1.127246042,-2.30118028572,1.05248015912,171.391362826,0.93875975992,-1.04064999313,0.114582046497,-22.4401068029,49.9663289758,0.0139794763828,
 ,2.58,1.12711542021,-2.04100123936,1.04808497602,171.52120332,0.934088427307,-0.89101327705,0.11457888325,-22.1769461328,49.9646872174,0.0133612967065,
 ,2.6,1.12694433852,-1.77014728534,1.04382117544,171.660290921,0.929546860492,-0.733498252731,0.114573121256,-21.9029520615,49.9631506637,0.0125976169998,
 ,2.62,1.12673138307,-1.48955548119,1.03979984225,171.810232717,0.925251437907,-0.567157729348,0.11456463948,-21.6190740199,49.9617356549,0.0116988924559,
 ,2.64,1.12647624782,-1.20026094484,1.03612970621,171.972652637,0.92131636155,-0.39100150763,0.114553389669,-21.3263642813,49.9604567583,0.01067799797,
 ,2.66,1.12617992678,-0.903381076633,1.03291591051,172.149153258,0.91785229889,-0.204023497476,0.114539406515,-21.0259633409,49.959326511,0.00954998224268,
 ,2.68,1.12584481435,-0.600098378188,1.03025881131,172.34127078,0.914965045336,-0.00523632044866,0.114522812015,-20.7190833915,49.9583552001,0.00833178083268,
 ,2.7,1.12547469845,-0.291642318211,1.02825276462,172.550424513,0.912754169043,0.206287934722,0.114503813333,-20.4069902207,49.9575506946,0.00704184234452,
 ,2.72,1.12507464162,0.0207292183852,1.02698486778,172.777862768,0.911311611375,0.43137270327,0.1144826941,-20.0909840141,49.9569183435,0.00569965856719,
 ,2.74,1.12465075633,0.335748350871,1.02653364043,173.02460757,0.910720233869,0.670690046166,0.114459799756,-19.7723796266,49.956460944,0.00432523222619,
 ,2.76,1.12420989187,0.652155022844,1.02696765185,173.291400988,0.911052324054,0.924714555899,0.114435518137,-19.4524868698,49.9561787785,0.00293854618805,
 ,2.78,1.12375925926,0.968713891663,1.02834412514,173.578656199,0.912368095197,1.1936809239,0.114410257028,-19.1325912852,49.9560697047,0.00155910094681,
 ,2.8,1.12330602807,1.28423010205,1.03070757069,173.886416427,0.914714235746,1.47754798567,0.114384420788,-18.8139357751,49.9561292843,0.000205560061965,
 ,2.82,1.12285693339,1.59756384811,1.03408851806,174.214324688,0.918122579891,1.77597177767,0.114358388318,-18.4977034173,49.9563509372,-0.00110450325786,
 ,2.84,1.12241793168,1.90764362175,1.03850242412,174.561606747,0.922608978421,2.0882896061,0.114332494564,-18.1850018204,49.9567261166,-0.00235481009016,
 ,2.86,1.12199394046,2.2134779483,1.04394883466,174.927068835,0.928172447166,2.41351637327,0.114307017432,-17.8768494792,49.9572445144,-0.00353060302676,
 ,2.88,1.12158868855,2.51416527222,1.05041086513,175.309110644,0.934794658497,2.75035351646,0.114282171349,-17.5741646946,49.9578943088,-0.00461895393041,
 ,2.9,1.12120469056,2.80890155553,1.05785504655,175.705753006,0.942439820779,3.0972100123,0.114258107947,-17.2777576555,49.9586624686,-0.00560916033226,
 ,2.92,1.12084334426,3.09698516285,1.06623155587,176.114678681,0.951054964126,3.45223411909,0.114234923391,-16.988326164,49.9595351137,-0.00649317495217,
 ,2.94,1.12050513297,3.37781876358,1.07547482226,176.533283919,0.960570621957,3.81335397587,0.114212671013,-16.7064552032,49.9604979177,-0.0072659620396,
 ,2.96,1.12018990124,3.65090826403,1.0855044732,176.958738069,0.970901870742,4.17832489384,0.11419137723,-16.4326201396,49.9615365191,-0.0079256599491,
 ,2.98,1.11989716237,3.91585911746,1.09622656374,177.388048369,0.981949668622,4.54478114037,0.114171058293,-16.1671929187,49.9626369013,-0.00847346118089,
 ,3.0,1.11962639332,4.17237065138,1.10753501847,177.818127213,0.993602420015,4.910290151,0.114151735436,-15.9104502705,49.9637856992,-0.00891318989326,
 ,3.02,1.11937727671,4.42022921246,1.11931321295,178.245859449,1.00573768936,5.27240731405,0.114133446348,-15.662582791,49.9649704073,-0.00925063878233,
 ,3.04,1.11914986052,4.65930091557,1.13143562725,178.668167561,1.01822399278,5.62872967061,0.114116251626,-15.4237038501,49.9661794812,-0.00949279351966,
 ,3.06,1.11894462146,4.88952460304,1.14376951875,179.082072855,1.0309226102,5.9769470142,0.114100235765,-15.1938575698,49.967402348,-0.00964710175842,
 ,3.08,1.11876243526,5.11090532975,1.15617658113,179.484751016,1.04368938013,6.31488895598,0.114085503197,-14.9730255436,49.9686293598,-0.00972092776026,
 ,3.1,1.11860447218,5.32350836834,1.16851457839,179.873580577,1.05637646079,6.6405665742,0.114072170649,-14.7611324143,49.9698517282,-0.0097212811071,
 ,3.12,1.11847204702,5.52745345714,1.18063896296,-179.753816955,1.06883406195,6.95220734001,0.11406035762,-14.5580507955,49.9710614811,-0.00965483711741,
 ,3.14,1.11836645713,5.72290884814,1.19240450223,-179.399546306,1.08091216796,7.24828215021,0.114050176845,-14.3636062324,49.9722514679,-0.00952819765794,
 ,3.16,1.11828883895,5.91008468479,1.20366694649,-179.065417659,1.09246228157,7.5275235368,0.114041726351,-14.1775829141,49.9734154242,-0.00934828968489,
 ,3.18,1.11824006541,6.08922534686,1.21428477101,-178.752936155,1.1033392198,7.7889344721,0.114035084156,-13.999730686,49.9745480903,-0.00912277304484,
 ,3.2,1.11822069387,6.26060061968,1.22412101742,-178.463301473,1.1134029863,8.03178763851,0.114030305903,-13.8297735989,49.97564536,-0.00886033034698,
 ,3.22,1.11823096073,6.42449583129,1.23304524448,-178.197416756,1.12252073123,8.25561554899,0.114027424978,-13.6674198351,49.9767044248,-0.00857073729065,
 ,3.24,1.11827080707,6.58120139892,1.24093557912,-177.955905637,1.13056879164,8.46019244404,0.114026454061,-13.5123724624,49.9777238754,-0.00826465652176,
 ,3.26,1.11833991227,6.73100247298,1.24768083674,-177.739135694,1.13743478407,8.64550939413,0.114027386748,-13.3643401452,49.9787037251,-0.0079531543791,
 ,3.28,1.11843771095,6.87416951041,1.25318265885,-177.547246278,1.1430197014,8.81174445609,0.114030197915,-13.2230467797,49.9796453293,-0.00764699787357,
 ,3.3,1.1185633737,7.01095061537,1.25735759817,-177.38017851,1.14723994754,8.9592300278,0.114034841872,-13.088239039,49.9805511949,-0.00735583649462,
 ,3.32,1.11871574256,7.14156635378,1.26013906809,-177.237705129,1.15002923128,9.08841970142,0.114041248082,-12.9596910231,49.9814246867,-0.00708739794601,
 ,3.34,1.11889322612,7.26620751204,1.26147906711,-177.119458036,1.15134023343,9.19985693479,0.114049314962,-12.8372055462,49.9822696588,-0.00684682087061,
 ,3.36,1.11909367315,7.38503599028,1.26134958905,-177.024951517,1.15114596182,9.29414775627,0.114058903107,-12.7206119907,49.9830900426,-0.00663621195235,
 ,3.38,1.11931425439,7.49818876047,1.25974363722,-176.953599458,1.14944071528,9.37193950552,0.114069829761,-12.6097610068,49.9838894286,-0.00645446075464,
 ,3.4,1.11955138725,7.60578462896,1.25667577471,-176.904725223,1.14624059168,9.4339072928,0.114081866526,-12.5045165825,49.9846706694,-0.00629729203108,
 ,3.42,1.11980073599,7.70793343039,1.25218216228,-176.877563286,1.14158349302,9.48074942139,0.114094742033,-12.4047461206,49.9854355252,-0.00615750123212,
 ,3.44,1.12005731042,7.80474721953,1.24632005842,-176.871252276,1.13552860399,9.51319244114,0.114108150637,-12.3103091713,49.9861843623,-0.00602531579277,
 ,3.46,1.12031567183,7.89635296914,1.23916678218,-176.884819763,1.12815534452,9.53200577476,0.114121767255,-12.2210454362,49.9869159155,-0.00588885020091,
 ,3.48,1.12057023746,7.98290617894,1.2308181659,-176.917159848,1.11956182349,9.53802499442,0.114135267445,-12.1367626514,49.9876271259,-0.00573466114817,
 ,3.5,1.12081565826,8.06460463908,1.22138655088,-176.967005502,1.10986284498,9.53218187719,0.114148350877,-12.0572250071,49.9883130737,-0.00554843783579,
 ,3.52,1.12104723168,8.14170139925,1.21099840278,-177.032898408,1.09918754188,9.5155384292,0.114160765685,-11.9821428572,49.9889670297,-0.00531586300358,
 ,3.54,1.12126130405,8.21451583666,1.19979164399,-177.113159725,1.0876767304,9.48932126172,0.114172330911,-11.9111645612,49.9895806473,-0.00502364638338,
 ,3.56,1.12145561623,8.28344166777,1.18791281458,-177.205865654,1.07548009323,9.45495216063,0.114182954338,-11.843871314,49.9901443079,-0.00466067451976,
 ,3.58,1.12162955171,8.34895086336,1.17551418139,-177.308831701,1.06275330581,9.41407051781,0.114192643532,-11.7797757054,49.990647612,-0.00421916177594,
 ,3.6,1.12178425645,8.4115927114,1.16275091392,-177.41960925,1.04965521912,9.36854355131,0.114201508616,-11.7183244936,49.9910799887,-0.00369565138763,
 ,3.62,1.12192261332,8.47198768597,1.14977843483,-177.535497269,1.03634520203,9.32046093081,0.114209756197,-11.6589057251,49.9914313755,-0.00309171795653,
 ,3.64,1.12204906815,8.53081624872,1.13675003342,-177.653570985,1.02298072707,9.27211149931,0.114217674737,-11.6008599394,49.9916929113,-0.00241426348783,
 ,3.66,1.12216931911,8.58880315138,1.12381480224,-177.770728046,1.00971525723,9.22594115498,0.114225612505,-11.5434948522,49.9918575814,-0.00167536303326,
 ,3.68,1.12228989334,8.64669816565,1.1111159245,-177.88375137,0.996696460408,9.18449252945,0.114233949873,-11.4861026478,49.9919207617,-0.000891681587783,
 ,3.7,1.1224176451,8.70525441525,1.09878930546,-177.989386466,0.984064745997,9.150328756,0.114243068254,-11.4279788567,49.9918806217,-8.35325691073e-05,
 ,3.72,1.12255921634,8.7652056285,1.08696251001,-178.084429744,0.971952089271,9.12594524284,0.114253318239,-11.3684417258,49.9917383575,0.0007263280378,
 ,3.74,1.12272050449,8.82724368907,1.07575394428,-178.165823259,0.960481086763,9.11367480959,0.114264989578,-11.3068509871,49.9914982411,0.00151407512482,
 ,3.76,1.12290618171,8.89199785199,1.06527220444,-178.230750477,0.949764173089,9.11559265141,0.114278285545,-11.2426249617,49.991167482,0.00225626600576,
 ,3.78,1.12311930619,8.96001691644,1.0556155138,-178.276727267,0.939902927996,9.13342819854,0.114293303896,-11.1752550166,49.9907559057,0.00293128664028,
 ,3.8,1.12336105874,9.03175549655,1.04687117751,-178.301682332,0.930987411626,9.16849090059,0.114310026069,-11.1043165073,49.9902754664,0.00352070890816,
 ,3.82,1.12363062679,9.10756529928,1.03911500389,-178.304021796,0.923095484751,9.22161620831,0.114328315606,-11.029475521,49.9897396226,0.004010471704,
 ,3.84,1.12392524434,9.18769200551,1.03241066712,-178.282673679,0.916292095907,9.29313656945,0.114347925848,-10.9504909668,49.989162611,0.00439179888934,
 ,3.86,1.12424038109,9.27227797602,1.02680901596,-178.237109324,0.910628545573,9.3828802257,0.114368516071,-10.8672118444,49.9885586702,0.00466177773911,
 ,3.88,1.12457005817,9.36137059887,1.02234736209,-178.167340466,0.906141764631,9.49019820846,0.114389674305,-10.77956982,49.9879412647,0.00482354386358,
 ,3.9,1.12490725509,9.45493569271,1.01904880631,-178.073892334,0.90285366675,9.61401745948,0.11441094438,-10.6875675477,49.9873223638,0.00488604883148,
 ,3.92,1.12524436295,9.55287501513,1.01692167767,-177.957754854,0.900770648804,9.75291572736,0.114431854328,-10.5912634589,49.9867118278,0.00486341921384,
 ,3.94,1.12557363595,9.65504662214,1.01595916791,-177.820315501,0.899883318045,9.90521207473,0.114451943226,-10.4907539985,49.9861169444,0.00477394656755,
 ,3.96,1.1258875963,9.76128661073,1.01613923956,-177.663278562,0.900166518724,10.0690656694,0.114470783913,-10.3861544949,49.9855421496,0.0046387766755,
 ,3.98,1.12617935719,9.87143067769,1.01742487289,-177.488576403,0.901579715096,10.2425751493,0.114487999737,-10.2775799846,49.9849889534,0.0044803945663,
 ,4.0,1.12644284282,9.98533396882,1.01976469413,-177.298278625,0.904067764346,10.4238712756,0.114503274428,-10.1651273343,49.9844560717,0.00432102893257,
 ,4.02,1.12667290128,10.1028878871,1.02309400077,-177.09450487,0.907562084959,10.6111967553,0.114516355264,-10.0488599023,49.983939749,0.00418112008097,
 ,4.04,1.12686532215,10.2240328627,1.02733616921,-176.879346225,0.911982196719,10.8029688557,0.114527050642,-9.92879573291,49.9834342348,0.00407799968114,
 ,4.06,1.12701678432,10.3487665179,1.03240440137,-176.654799073,0.917237580984,10.9978225014,0.114535223897,-9.8048999356,49.9829323637,0.00402490879783,
 ,4.08,1.12712476705,10.477147107,1.03820374141,-176.422713751,0.923229786571,11.1946336454,0.114540785567,-9.67708150506,49.9824261807,0.00403043020066,
 ,4.1,1.12718745863,10.6092924986,1.04463327288,-176.184758863,0.929854689211,11.3925245445,0.114543686221,-9.54519448669,49.9819075586,0.00409834054979,
 ,4.12,1.127203692,10.7453752226,1.05158839421,-175.942400744,0.937004802349,11.5908539346,0.114543911535,-9.40904312879,49.9813687663,0.0042278170146,
 ,4.14,1.12717292629,10.8856142083,1.05896306448,-175.696896494,0.944571534589,11.7891958612,0.11454148053,-9.26839052262,49.9808029644,0.00441388425261,
 ,4.16,1.12709527942,11.0302638247,1.06665191539,-175.449298305,0.952447294589,11.9873111099,0.114536447035,-9.1229701845,49.9802046213,0.00464797789395,
 ,4.18,1.12697160295,11.179600766,1.07455213734,-175.20046648,0.960527357648,12.1851148897,0.114528903544,-8.97250002208,49.9795698537,0.00491853146933,
 ,4.2,1.12680357781,11.3339092769,1.08256506749,-174.951088504,0.968711428667,12.3826438292,0.114518986027,-8.81669808963,49.9788966954,0.00521154986785,
 ,4.22,1.12659380189,11.4934652349,1.09059743508,-174.701701674,0.976904862474,12.5800246104,0.114506877848,-8.65529943999,49.978185294,0.00551118781635,
 ,4.24,1.12634583857,11.6585197052,1.09856224991,-174.452717128,0.98501953216,12.7774458016,0.114492811062,-8.48807324598,49.977438025,0.00580038067721,
 ,4.26,1.12606419998,11.829282695,1.10637935222,-174.204443508,0.992974366175,12.9751337347,0.114477063734,-8.31483925051,49.9766595107,0.00606156402562,
 ,4.28,1.12575424965,12.0059079011,1.11397567124,-173.957109015,1.00069560182,13.1733326144,0.114459952687,-8.13548259417,49.9758565325,0.00627747374679,
 ,4.3,1.12542202331,12.1884791977,1.12128526176,-173.710881191,1.00811682298,13.3722884739,0.114441821943,-7.94996621121,49.9750378392,0.00643196275131,
 ,4.32,1.12507398179,12.3769994362,1.12824920055,-173.46588434,1.01517886078,13.5722361252,0.114423027932,-7.7583402767,49.9742138669,0.00651073259088,
 ,4.34,1.1247167228,12.5713818698,1.13481542526,-173.222215003,1.02182963571,13.7733879506,0.114403923198,-7.56074856162,49.9733964018,0.00650187914821,
 ,4.36,1.12435668584,12.7714442435,1.14093858807,-172.979956213,1.02802400954,13.9759233126,0.114384840596,-7.35743190516,49.9725982198,0.00639619373862,
 ,4.38,1.1239998859,12.9769053931,1.14657997667,-172.739191279,1.03372369621,14.1799775538,0.114366079922,-7.14872924132,49.9718327332,0.00618722782781,
 ,4.4,1.12365170634,13.1873841259,1.15170752939,-172.500017635,1.03889725662,14.3856300157,0.114347898504,-6.93507666476,49.9711136616,0.00587119364308,
 ,4.42,1.12331677074,13.4024002113,1.15629594383,-172.262560792,1.04352017635,14.592891145,0.11433050661,-6.71700489192,49.9704547269,0.00544680898301,
 ,4.44,1.12299890043,13.6213774525,1.16032685229,-172.026987869,1.04757500149,14.8016894539,0.114314067755,-6.49513523247,49.9698693593,0.0049151901091,
 ,4.46,1.12270115056,13.8436489651,1.16378901793,-171.793519645,1.05105148927,15.0118596909,0.114298703271,-6.27017392667,49.9693703965,0.00427985616392,
 ,4.48,1.1224259063,14.0684648873,1.16667849338,-171.562439741,1.05394671997,15.2231339386,0.114284499881,-6.04290451625,49.96896976,0.0035468494568,
 ,4.5,1.12217501371,14.2950027471,1.16899868231,-171.334099486,1.05626511475,15.4351373676,0.114271518727,-5.81417786095,49.9686781039,0.00272491957256,
 ,4.52,1.12194991719,14.522380596,1.17076025181,-171.108917292,1.05801831173,15.6473900468,0.114259804228,-5.58489950607,49.9685044435,0.00182568273006,
 ,4.54,1.12175177785,14.7496728143,1.17198085978,-170.887371914,1.05922486754,15.8593155737,0.114249391321,-5.35601432767,49.9684557866,0.00086365859758,
 ,4.56,1.12158155304,14.9759282331,1.17268468317,-170.669989677,1.05990977171,16.0702564714,0.114240310072,-5.12848868225,49.9685367976,-0.000143896708667,
 ,4.58,1.12144002545,15.20018995,1.17290175681,-170.45732649,1.06010378362,16.2794954403,0.114232587062,-4.9032906098,49.9687495294,-0.00117740832504,
 ,4.6,1.12132777894,15.4215159931,1.17266715536,-170.249946165,1.05984262282,16.4862808071,0.11422624353,-4.68136892553,49.9690932568,-0.00221565478025,
 ,4.62,1.12124512687,15.6389998334,1.17202006956,-170.048396933,1.05916606125,16.6898539938,0.114221290679,-4.46363223999,49.969564434,-0.00323665498063,
 ,4.64,1.12119200508,15.8517897001,1.17100284022,-169.8531883,1.05811697688,16.8894766204,0.114217722936,-4.25092903623,49.9701567923,-0.00421869340149,
 ,4.66,1.12116784709,16.0591057191,1.16966001717,-169.664770216,1.05674043297,17.0844549664,0.114215510228,-4.04402989369,49.970861573,-0.00514138186527,
 ,4.68,1.12117146098,16.2602540635,1.16803750691,-169.483516196,1.05508284276,17.2741599071,0.114214590453,-3.84361278752,49.9716678827,-0.00598664782898,
 ,4.7,1.1212009282,16.4546375535,1.16618186081,-169.30971153,1.05319126934,17.4580410331,0.114214863333,-3.65025214148,49.9725631393,-0.00673955015372,
 ,4.72,1.12125354261,16.6417624195,1.16413973788,-169.143547101,1.05111289268,17.6356343372,0.114216186717,-3.46441201769,49.9735335774,-0.00738885279889,
 ,4.74,1.1213258042,16.8212412089,1.16195755406,-168.985118828,1.0488946553,17.8065635164,0.11421837616,-3.28644354007,49.9745647732,-0.00792732859316,
 ,4.76,1.12141347709,16.9927920241,1.15968130591,-168.834432276,1.04658307452,17.9705354954,0.114221208285,-3.11658640911,49.9756421603,-0.00835180761618,
 ,4.78,1.12151171409,17.1562344226,1.15735653307,-168.691411691,1.04422418704,18.1273312066,0.114224427983,-2.95497418929,49.9767515108,-0.0086630149503,
 ,4.8,1.1216152428,17.3114823962,1.15502836401,-168.555912516,1.04186357222,18.2767929431,0.114227759049,-2.80164292027,49.9778793658,-0.00886525136383,
 ,4.82,1.12171859971,17.4585349101,1.15274157599,-168.427736308,1.03954638765,18.4188097732,0.114230917366,-2.65654248965,49.9790134039,-0.00896595822879,
 ,4.84,1.12181639188,17.597464559,1.1505405947,-168.306646941,1.03731734552,18.5533025842,0.114233625348,-2.51955008096,49.9801427368,-0.00897518520213,
 ,4.86,1.12190356013,17.7284049819,1.14846936393,-168.192386877,1.03522056327,18.6802103169,0.114235626127,-2.39048487571,49.9812581193,-0.00890496250336,
 ,4.88,1.12197561605,17.8515377669,1.14657102996,-168.08469233,1.03329923601,18.7994788455,0.114236695895,-2.26912308017,49.9823520638,-0.00876858312204,
 ,4.9,1.12202882703,17.9670796006,1.14488740886,-167.983306215,1.03159510111,18.9110537056,0.114236653044,-2.1552123227,49.9834188533,-0.0085798270841,
 ,4.92,1.1220603298,18.0752703425,1.1434582338,-167.887987976,1.0301476935,19.0148774672,0.114235363145,-2.04848458322,49.9844544583,-0.00835219938951,
 ,4.94,1.12206816287,18.1763625029,1.14232021173,-167.798519782,1.02899342093,19.1108919861,0.114232739396,-1.94866708957,49.9854563785,-0.00809828515104,
 ,4.96,1.12205121983,18.2706122972,1.14150594849,-167.714709012,1.02816451741,19.1990451206,0.114228738862,-1.85549101309,49.9864234456,-0.00782932968755,
 ,4.98,1.1220091378,18.3582721093,1.1410428264,-167.636387437,1.02768795668,19.279300863,0.114223355417,-1.76869823301,49.987355629,-0.00755511832503,
 ,5.0,1.12194214476,18.4395839065,1.1409519339,-167.563407945,1.0275844222,19.3516513307,0.114216610869,-1.68804680712,49.9882538845,-0.00728416648494,
 ,5.02,1.12185089536,18.5147729906,1.14124715108,-167.495639892,1.0278674341,19.4161287784,0.114208545912,-1.61331599061,49.9891200755,-0.00702415485867,
 ,5.04,1.1217363252,18.5840414865,1.14193448642,-167.432964254,1.02854272478,19.4728157942,0.11419921257,-1.54431163056,49.9899569714,-0.00678248179636,
 ,5.06,1.12159954826,18.6475611534,1.14301173942,-167.375269632,1.02960793448,19.5218521012,0.114188669379,-1.48087253684,49.9907683099,-0.00656677491077,
 ,5.08,1.12144181216,18.7054654129,1.14446853286,-167.322449882,1.03105266836,19.5634368648,0.114176979974,-1.42287804606,49.9915588892,-0.00638521389343,
 ,5.1,1.12126451325,18.7578408449,1.1462867214,-167.274403829,1.0328589198,19.5978260085,0.114164215005,-1.37025654226,49.9923346468,-0.00624656101997,
 ,5.12,1.12106926021,18.8047187307,1.1484411439,-167.2310371,1.03500182712,19.6253246792,0.114150456569,-1.32299426928,49.993102679,-0.00615986017682,
 ,5.14,1.12085796431,18.846067469,1.15090065134,-167.192265816,1.03745069612,19.6462755971,0.1141358038,-1.28114344675,49.9938711656,-0.00613383230108,
 ,5.16,1.12063292779,18.8817868051,1.15362931483,-167.158021544,1.04017019422,19.6610445094,0.114120377968,-1.24482853664,49.9946491754,-0.00617605082478,
 ,5.18,1.12039690192,18.9117047903,1.15658770261,-167.128256743,1.04312160732,19.6700042804,0.114104325538,-1.21424952553,49.9954463479,-0.00629201735496,
 ,5.2,1.12015309222,18.9355782324,1.15973411326,-167.102949866,1.04626404875,19.67351926,0.114087818058,-1.18968128659,49.996272465,-0.00648427317956,
 ,5.22,1.11990509945,18.9530971252,1.16302566484,-167.082109313,1.04955552171,19.6719314593,0.114071048466,-1.17146843495,49.9971369398,-0.00675167788375,
 ,5.24,1.11965679951,18.9638932009,1.16641916286,-167.065775695,1.05295375993,19.6655497267,0.114054224213,-1.16001554563,49.9980482676,-0.00708896460137,
 ,5.26,1.11941217921,18.9675523651,1.169871702,-167.054022136,1.0564168014,19.6546426265,0.114037558378,-1.15577309156,49.9990134849,-0.00748664450387,
 ,5.28,1.11917515578,18.9636304229,1.17334099071,-167.046952726,1.0599032846,19.639435144,0.114021260443,-1.15921990859,50.0000376874,-0.00793128447974,
 ,5.3,1.1189494131,18.951671223,1.1767854216,-167.044699603,1.06337248895,19.6201087861,0.114005528581,-1.17084332581,50.0011236484,-0.00840612823131,
 ,5.32,1.11873828559,18.9312261772,1.18016393816,-167.047419301,1.06678416929,19.5968042207,0.113990545054,-1.19111826734,50.002271566,-0.00889198293179,
 ,5.34,1.11854471247,18.9018740779,1.18343576814,-167.05528916,1.07009825398,19.5696253464,0.113976475726,-1.22048662039,50.0034789523,-0.00936826310149,
 ,5.36,1.11837127124,18.8632401937,1.18656010402,-167.06850445,1.07327448716,19.5386436409,0.113963473884,-1.25933800802,50.0047406641,-0.00981407878418,
 ,5.38,1.11822028416,18.8150137525,1.18949581049,-167.087276728,1.07627209577,19.5039017569,0.113951687639,-1.307992863,50.0060490615,-0.0102092759831,
 ,5.4,1.11809397616,18.7569630635,1.19220122904,-167.111833706,1.07904955368,19.4654155579,0.113941269416,-1.36668844031,50.0073942776,-0.0105353731043,
 ,5.42,1.11799465196,18.6889476605,1.1946341328,-167.142420709,1.08156449834,19.4231740636,0.11393238549,-1.43556818015,50.0087645837,-0.0107763711198,
 ,5.44,1.1179248548,18.6109269747,1.19675186246,-167.179303623,1.0837738339,19.3771370623,0.113925223393,-1.51467465191,50.0101468298,-0.0109194323336,
 ,5.46,1.11788747079,18.5229651795,1.1985116504,-167.222773088,1.08563403105,19.3272304493,0.113919995246,-1.60394615604,50.0115269451,-0.0109554174541,
 ,5.48,1.11788575112,18.425232043,1.199871118,-167.273149524,1.08710161073,19.2733396699,0.113916935692,-1.70321690206,50.0128904734,-0.0108792505786,
 ,5.5,1.11792323693,18.3179998691,1.20078891224,-167.330788393,1.08813377963,19.2153019984,0.11391629395,-1.81222049697,50.0142231137,-0.010690063329,
 ,5.52,1.11800358716,18.201636901,1.20122543454,-167.396084882,1.08868917135,19.1528987343,0.113918320451,-1.93059627872,50.0155112281,-0.0103910697598,
 ,5.54,1.11813032467,18.0765978385,1.20114360772,-167.469476968,1.08872863875,19.0858486933,0.11392324936,-2.05789785248,50.0167422796,-0.00998915070507,
 ,5.56,1.11830652828,17.9434123316,1.20050962576,-167.551445757,1.08821604176,19.0138045316,0.113931278919,-2.19360307951,50.0179051672,-0.00949417390779,
 ,5.58,1.11853450631,17.8026723957,1.19929363607,-167.642511995,1.08711897881,18.936353389,0.113942551878,-2.33712476615,50.0189904395,-0.00891812741428,
 ,5.6,1.11881549001,17.6550196509,1.19747031312,-167.743227927,1.08540941929,18.853023044,0.113957138253,-2.48782140235,50.0199903833,-0.00827417832153,
 ,5.62,1.1191493827,17.5011331321,1.19501929615,-167.85416408,1.0830642078,18.7632942528,0.11397502236,-2.64500747143,50.0208990019,-0.00757577379353,
 ,5.64,1.11953459296,17.3417182101,1.1919254799,-167.975891098,1.08006542672,18.6666192673,0.113996095517,-2.80796303933,50.0217119039,-0.00683587581454,
 ,5.66,1.11996797038,17.1774969625,1.18817916505,-168.10895732,1.07640062119,18.5624457965,0.114020155146,-2.9759424793,50.0224261306,-0.00606637708952,
 ,5.68,1.12044485021,17.0092001701,1.18377609203,-168.253863293,1.07206290735,18.4502450157,0.114046910293,-3.14818226764,50.0230399438,-0.00527770075826,
 ,5.7,1.12095920177,16.837561014,1.1787173971,-168.411034753,1.06705099895,18.3295417189,0.114075992949,-3.32390780254,50.0235525942,-0.00447855691372,
 ,5.72,1.12150386521,16.6633104739,1.17300953864,-168.580795775,1.06136919744,18.1999444368,0.114106974045,-3.50233918246,50.023964082,-0.00367582104807,
 ,5.74,1.12207085395,16.4871743768,1.16666424545,-168.763343735,1.055027394,18.0611733206,0.114139382598,-3.68269586996,50.0242749204,-0.0028745092503,
 ,5.76,1.12265169526,16.3098719726,1.15969853375,-168.9587275,1.04804112772,17.9130838252,0.114172726354,-3.86420019023,50.0244859136,-0.00207784065711,
 ,5.78,1.1232377798,16.1321158403,1.15213482702,-169.166829855,1.04043173316,17.7556846858,0.114206512202,-4.04607967181,50.0245979574,-0.00128738704711,
 ,5.8,1.1238206928,15.9546128492,1.14400119384,-169.387354675,1.03222659188,17.5891493101,0.114240264814,-4.22756831239,50.024611876,-0.000503306335003,
 ,5.82,1.12439250291,15.7780658569,1.13533169574,-169.619818818,1.0234594817,17.4138204487,0.114273542258,-4.40790691892,50.0245282999,0.000275356713837,
 ,5.84,1.12494599152,15.6031758189,1.12616681273,-169.863548129,1.01417099344,17.2302087558,0.114305947716,-4.5863427082,50.02434759,0.00105033460591,
 ,5.86,1.12547481233,15.4306440275,1.11655389223,-170.117676576,1.00440896456,17.0389865318,0.114337136951,-4.76212835807,50.0240698015,0.0018238062952,
 ,5.88,1.12597357973,15.2611742615,1.10654755038,-170.381147218,0.994228862125,16.8409784326,0.114366821614,-4.93452068161,50.0236946837,0.00259810789947,
 ,5.9,1.12643789201,15.0954747071,1.09620994519,-170.652713713,0.983694038426,16.6371511784,0.114394768988,-5.1027790754,50.0232217031,0.00337550765375,
 ,5.92,1.12686430259,14.9342595696,1.08561084114,-170.930941282,0.972875781391,16.4286042327,0.11442079907,-5.26616388062,50.022650082,0.00415805020502,
 ,5.94,1.12725025716,14.7782503386,1.07482739378,-171.21420652,0.961853090412,16.2165630585,0.11444478016,-5.42393479703,50.0219788455,0.00494746046354,
 ,5.96,1.12759401708,14.6281766845,1.06394360212,-171.500696085,0.950712124948,16.0023759334,0.114466624171,-5.57534950063,50.0212068718,0.00574508802472,
 ,5.98,1.12789458882,14.4847769575,1.05304940142,-171.788405005,0.939545297453,15.7875145004,0.114486282777,-5.7196626319,50.0203329475,0.00655186828884,
 ,6.0,1.12815167552,14.3487982298,1.04223939991,-172.075136063,0.928450010705,15.5735773551,0.114503745203,-5.8561253432,50.0193558283,0.00736827318277,
 ,6.02,1.1283656605,14.2209957569,1.03161129328,-172.358502242,0.917527069645,15.3622951317,0.114519038066,-5.98398562253,50.0182743134,0.00819422216578,
 ,6.04,1.12853762399,14.1021316572,1.02126401953,-172.635934553,0.906878825715,15.155534864,0.114532227099,-6.10248964663,50.0170873437,0.00902892649335,
 ,6.06,1.12866938531,13.992972519,1.01129573906,-172.904697593,0.89660713458,14.955300953,0.114543420083,-6.21088444253,50.0157941345,0.00987065187163,
 ,6.08,1.12876355418,13.8942855936,1.00180173972,-173.161914846,0.886811223723,14.7637299433,0.114552769824,-6.30842212787,50.0143943518,0.010716409491,
 ,6.1,1.1288235686,13.8068332475,0.992872372055,-173.404605144,0.877585573545,14.5830765323,0.11456047576,-6.39436592773,50.0128883342,0.0115616188684,
 ,6.12,1.1288536946,13.731365458,0.984591117118,-173.629730763,0.869017914116,14.4156888135,0.114566782723,-6.46799801288,50.0112773477,0.0123998169577,
 ,6.14,1.12885896512,13.6686103418,0.977032878165,-173.834256575,0.861187430402,14.2639716331,0.11457197568,-6.52862898721,50.0095638544,0.0132225024897,
 ,6.16,1.1288450428,13.6192629626,0.970262570372,-174.015218562,0.854163252878,14.1303380383,0.114576369819,-6.57560861332,50.0077517601,0.0140191925871,
 ,6.18,1.12881800282,13.5839729235,0.964334060866,-174.169798978,0.848003289517,14.0171499995,0.114580296101,-6.60833716719,50.0058466078,0.0147777304325,
 ,6.2,1.12878404564,13.5633314424,0.95928948664,-174.295404634,0.842753431111,13.9266507794,0.114584083221,-6.62627670963,50.003855688,0.0154848297456,
 ,6.22,1.12874916358,13.5578586999,0.955158952134,-174.389744291,0.83844713632,13.8608923957,0.1145880377,-6.62896157725,50.0017880465,0.0161267926883,
 ,6.24,1.12871879565,13.5679922376,0.951960583149,-174.450900889,0.835105378047,13.8216624855,0.114592424327,-6.61600750918,49.9996543855,0.0166903098613,
 ,6.26,1.12869751109,13.5940770985,0.949700891476,-174.47739446,0.832736910443,13.8104154589,0.11459744935,-6.58711898615,49.9974668654,0.0171632519977,
 ,6.28,1.12868876068,13.6363582788,0.948375387005,-174.468231827,0.831338798454,13.8282130387,0.114603248576,-6.54209450217,49.9952388203,0.0175353874415,
 ,6.3,1.12869472688,13.6949759511,0.947969363243,-174.422939808,0.830897140841,13.8756790581,0.114609881901,-6.48082957623,49.9929844028,0.0177989920635,
 ,6.32,1.12871629023,13.7699638119,0.94845877923,-174.34157941,0.831387914388,13.9529726585,0.114617334934,-6.40331733627,49.9907181753,0.0179493418551,
 ,6.34,1.12875311234,13.8612508024,0.949811166341,-174.224739539,0.832777871692,14.0597827888,0.114625527295,-6.30964650595,49.988454662,0.0179850828761,
 ,6.36,1.12880381869,13.9686663055,0.951986501829,-174.073510046,0.835025436948,14.1953452171,0.11463432624,-6.19999664971,49.9862078801,0.0179084602299,
 ,6.38,1.12886625062,14.0919487242,0.954938010492,-173.889435341,0.838081561685,14.3584813027,0.114643563509,-6.07463062744,49.9839908762,0.0177253695618,
 ,6.4,1.12893774705,14.230757091,0.958612879106,-173.674451225,0.841890523357,14.5476557803,0.114653052929,-5.9338843916,49.9818152968,0.0174451867303,
 ,6.42,1.12901541537,14.3846850888,0.962952892072,-173.430808864,0.846390671017,14.7610490872,0.114662606358,-5.77815450136,49.9796910284,0.0170803444847,
 ,6.44,1.12909635594,14.5532766336,0.96789501791,-173.160990695,0.851515141203,14.9966385617,0.114672046006,-5.60788397632,49.9776259374,0.0166456590088,
 ,6.46,1.12917781581,14.7360420193,0.97337199149,-172.867623485,0.857192580832,15.2522823357,0.114681211928,-5.42354730821,49.9756257345,0.016157453263,
 ,6.48,1.12925726099,14.9324736053,0.979312944111,-172.553393641,0.863347920191,15.5257999629,0.114689964353,-5.22563555006,49.9736939719,0.0156325623711,
 ,6.5,1.12933237132,15.1420601129,0.985644131185,-172.220969281,0.869903236947,15.8150446755,0.114698181376,-5.01464239462,49.9718321695,0.0150873257892,
 ,6.52,1.12940097382,15.3642987778,0.992289795794,-171.872932639,0.876778741519,16.1179634521,0.114705753232,-4.79105205123,49.9700400516,0.0145366672522,
 ,6.54,1.12946093959,15.5987048377,0.999173187129,-171.511725262,0.883893896684,16.4326425992,0.114712574786,-4.55532956006,49.9683158696,0.0139933415054,
 ,6.56,1.12951007252,15.8448180757,1.0062177289,-171.139607221,0.891168662527,16.7573380779,0.114718538,-4.30791397182,49.9666567775,0.0134673968876,
 ,6.58,1.12954601735,16.102206378,1.01334830766,-170.758630433,0.89852483517,17.0904912028,0.114723525999,-4.0492145921,49.9650592316,0.0129658748347,
 ,6.6,1.12956620978,16.3704664775,1.02049262855,-170.370625163,0.905887427655,17.4307314744,0.114727409967,-3.7796102547,49.9635193826,0.0124927457092,
 ,6.62,1.12956788347,16.6492222361,1.02758256965,-169.977197941,0.913186026991,17.7768691268,0.114730049644,-3.49945136686,49.9620334349,0.0120490637587,
 ,6.64,1.12954813972,16.9381209534,1.03455545771,-169.579738574,0.920356054687,18.1278804247,0.114731297602,-3.20906428014,49.96059795,0.0116333083038,
 ,6.66,1.12950407668,17.2368282638,1.04135518931,-169.179433649,0.927339859976,18.4828888325,0.114731006985,-2.90875741277,49.9592100813,0.0112418614231,
 ,6.68,1.12943296648,17.5450221836,1.0479331308,-168.777283963,0.934087584778,18.8411449044,0.1147290419,-2.59882849992,49.9578677345,0.0108695574244,
 ,6.7,1.12933246211,17.8623867972,1.05424874741,-168.374123595,0.9405577559,19.2020071985,0.114725289306,-2.27957237969,49.9565696582,0.0105102331767,
 ,6.72,1.12920081155,18.1886059545,1.06026993392,-167.970638857,0.946717581052,19.5649257752,0.114719670996,-1.95128881382,49.9553154758,0.0101572169443,
 ,6.74,1.12903705387,18.5233572175,1.06597304355,-167.567385939,0.952542948626,19.929429057,0.114712154189,-1.61428995658,49.9541056752,0.00980371649163,
 ,6.76,1.1288411732,18.866306188,1.07134263701,-167.164806647,0.958018154736,20.2951140951,0.114702759321,-1.26890719102,49.9529415708,0.00944309695704,
 ,6.78,1.12861418924,19.2171012739,1.07637099573,-166.763242091,0.963135402215,20.6616397167,0.114691563885,-0.915497133691,49.9518252479,0.00906906291625,
 ,6.8,1.1283581692,19.5753689127,1.08105746146,-166.362944571,0.967894132966,21.0287216437,0.114678701567,-0.554446677546,49.9507594996,0.00867576777991,
 ,6.82,1.12807615416,19.9407092364,1.08540767512,-165.964088132,0.972300265103,21.3961284738,0.114664356443,-0.186177020231,49.949747759,0.00825786640742,
 ,6.84,1.12777200238,20.3126921206,1.08943279047,-165.566778398,0.976365408139,21.7636773752,0.114648752562,0.188853270809,49.9487940369,0.0078105125597,
 ,6.86,1.12745016179,20.6908535021,1.09314873139,-165.171062391,0.980106122704,22.1312284256,0.114632139807,0.570145981888,49.9479028697,0.00732929534443,
 ,6.88,1.12711539303,21.0746918061,1.09657554709,-164.776939019,0.98354327638,22.4986767274,0.114614777396,0.957161483623,49.9470792876,0.0068101180686,
 ,6.9,1.12677247074,21.4636643367,1.09973689834,-164.384370831,0.986701526329,22.8659417325,0.114596916725,1.349317146,49.9463288029,0.00624904904574,
 ,6.92,1.12642589475,21.8571835735,1.1026596828,-163.993297426,0.989608934905,23.2329536352,0.114578785414,1.74598568317,49.945657412,0.00564220508096,
 ,6.94,1.12607964158,22.2546135029,1.10537378254,-163.603650533,0.992296699725,23.5996371988,0.11456057429,2.14649335738,49.9450715918,0.00498574718905,
 ,6.96,1.12573698236,22.6552663457,1.10791189356,-163.215370398,0.99479895763,23.9658939361,0.114542428728,2.55011823664,49.9445782625,0.00427605984124,
 ,6.98,1.12540038381,23.0584002656,1.11030937959,-162.828422642,0.997152605314,24.3315840531,0.114524445174,2.95608897686,49.9441846871,0.00351014636637,
 ,7.0,1.12507149776,23.4632187804,1.11260408235,-162.442814425,0.999397070309,24.6965099133,0.114506672972,3.36358480477,49.9438982853,0.00268621427707,
 ,7.02,1.12475123186,23.8688726019,1.11483601891,-162.058608579,1.00157396569,25.0604028856,0.114489120846,3.77173744912,49.9437263522,0.00180436504169,
 ,7.04,1.12443988297,24.2744644782,1.11704690541,-161.675934373,1.00372657108,25.4229152739,0.114471766751,4.17963568361,49.9436756937,0.000867263816693,
 ,7.06,1.12413730619,24.6790573451,1.11927946429,-161.294993832,1.00589910048,25.7836186086,0.114454569336,4.58633292177,49.9437522035,-0.000119341672485,
 ,7.08,1.12384308925,25.0816857586,1.12157649766,-160.916062895,1.00813574339,26.1420089736,0.114437479163,4.99085799363,49.943960424,-0.00114635790175,
 ,7.1,1.12355670388,25.4813702406,1.12397974135,-160.539487173,1.0104794958,26.4975193388,0.114420448002,5.39222889218,49.9443031314,-0.00220139657748,
 ,7.12,1.12327761339,25.8771338817,1.12652854684,-160.165672547,1.01297083019,26.8495381639,0.114403435107,5.78946895034,49.9447809889,-0.00326914913659,
 ,7.14,1.12300532673,26.2680203137,1.12925846923,-159.795071317,1.01564628226,27.1974328949,0.114386410049,6.18162462265,49.9453923035,-0.00433205505967,
 ,7.16,1.12273940261,26.6531120126,1.13219986248,-159.428165006,1.01853705464,27.5405764572,0.114369352509,6.56778381629,49.9461329114,-0.00537121027555,
 ,7.18,1.12247941862,27.0315478099,1.13537659579,-159.065445291,1.02166774839,27.878374475,0.114352250057,6.94709355918,49.9469962118,-0.00636744755994,
 ,7.2,1.12222492819,27.4025384893,1.13880500349,-158.707394758,1.02505533138,28.2102907742,0.114335095327,7.31877573658,49.947973354,-0.00730250772414,
 ,7.22,1.12197543025,27.765379442,1.14249316503,-158.354469271,1.02870843631,28.5358687698,0.114317884007,7.68213970627,49.9490535716,-0.00816020392183,
 ,7.24,1.12173037226,28.1194595662,1.14644058391,-158.007083689,1.0326270537,28.8547466372,0.11430061476,8.03659083623,49.9502246416,-0.008927466099,
 ,7.26,1.12148919796,28.4642659095,1.15063829694,-157.66560235,1.0368026484,29.1666647204,0.114283291545,8.38163438768,49.9514734318,-0.00959514946217,
 ,7.28,1.12125143879,28.7993839349,1.15506940336,-157.330335262,1.04121868781,29.4714643917,0.114265928157,8.71687463836,49.9527864871,-0.010158510548,
 ,7.3,1.1210168354,29.1244936787,1.15970996285,-157.001540303,1.04585153082,29.7690784757,0.114248554039,9.04200962213,49.9541506048,-0.0106172991552,
 ,7.32,1.12078546566,29.439362389,1.1645301762,-156.679431026,1.05067159269,30.0595142627,0.11423121999,9.35682226204,49.9555533486,-0.0109754744848,
 ,7.34,1.12055785082,29.743834452,1.16949573784,-156.364189017,1.05564467831,30.3428309442,0.114214002176,9.66116893001,49.956983469,-0.011240611225,
 ,7.36,1.12033501238,30.0378194977,1.17456923816,-156.055979227,1.06073336522,30.6191138896,0.114197003031,9.95496655322,49.9584312077,-0.0114230984008,
 ,7.38,1.12011846003,30.3212795703,1.17971149679,-155.754966381,1.06589832167,30.8884484776,0.114180348159,10.2381793289,49.9598884832,-0.0115352419241,
 ,7.4,1.11991010273,30.594216167,1.18488272475,-155.461330517,1.07109946141,31.1508961541,0.114164179076,10.5108059496,49.9613489609,-0.0115903649895,
 ,7.42,1.119712089,30.8566578423,1.19004344219,-155.17527987,1.07629686376,31.4064750246,0.114148642433,10.7728680332,49.9628080233,-0.0116019729598,
 ,7.44,1.11952659562,31.1086489473,1.19515511271,-154.897059748,1.08145142122,31.6551466461,0.114133877078,11.02440022,49.9642626542,-0.0115830258989,
 ,7.46,1.11935559368,31.3502399211,1.20018049298,-154.626956645,1.08652521209,31.8968098428,0.114120000738,11.2654421722,49.9657112576,-0.0115453506306,
 ,7.48,1.11920062534,31.5814793744,1.20508372989,-154.365297508,1.09148162816,32.1313014508,0.114107098236,11.4960324707,49.9671534346,-0.0114992222865,
 ,7.5,1.11906262318,31.8024079982,1.20983026518,-154.112444774,1.09628531376,32.3584030201,0.114095212956,11.7162041862,49.9685897447,-0.0114531423112,
 ,7.52,1.11894179805,32.0130541218,1.21438662464,-153.868788328,1.10090198973,32.5778518062,0.11408434274,11.925981718,49.9700214776,-0.0114138256545,
 ,7.54,1.11883761022,32.213430581,1.21872017669,-153.634735895,1.10529824305,32.789353968,0.114074440774,12.1253783871,49.9714504615,-0.0113863807549,
 ,7.56,1.11874882695,32.4035324739,1.2227989407,-153.410703435,1.10944135988,32.9925978181,0.11406542126,12.3143942774,49.9728789201,-0.011374628642,
 ,7.58,1.11867365682,32.5833354126,1.2265915134,-153.197106902,1.11329926826,33.1872652247,0.114057169048,12.4930139438,49.9743093811,-0.0113814761374,
 ,7.6,1.11860994127,32.7527940025,1.23006716171,-152.994356327,1.11684063815,33.3730397936,0.114049551877,12.6612038276,49.9757446243,-0.0114092473088,
 ,7.62,1.11855537677,32.9118404652,1.23319610609,-152.802852639,1.12003516351,33.5496111279,0.11404243364,12.8189094715,49.9771876507,-0.0114598948555,
 ,7.64,1.11850773906,33.0603834943,1.23594999294,-152.622987099,1.12285402623,33.7166751621,0.11403568706,12.9660528426,49.9786416468,-0.0115350545774,
 ,7.66,1.11846508285,33.1983075544,1.23830252976,-152.455142792,1.12527051791,33.8739311758,0.114029204373,13.1025301868,49.9801099297,-0.0116359562093,
 ,7.68,1.1184258959,33.3254728634,1.24023023538,-152.299697315,1.12726077406,34.0210765441,0.114022905039,13.2282108385,49.9815958628,-0.0117632426801,
 ,7.7,1.11838919465,33.4417162663,1.24171324147,-152.157025653,1.12880455991,34.1578005476,0.11401673992,13.3429373157,49.9831027425,-0.0119167625371,
 ,7.72,1.11835455729,33.5468531413,1.24273607309,-152.027502233,1.12988603754,34.2837786629,0.114010691918,13.4465268994,49.9846336632,-0.012095384644,
 ,7.74,1.11832209824,33.6406804372,1.2432883345,-151.911501224,1.13049444281,34.3986686962,0.114004773487,13.5387747872,49.9861913664,-0.0122968522498,
 ,7.76,1.11829239474,33.7229809267,1.24336523357,-151.80939433,1.13062460665,34.5021099428,0.113999021736,13.6194588559,49.9877780767,-0.0125176645444,
 ,7.78,1.11826638048,33.7935287834,1.24296789198,-151.721545538,1.13027726814,34.5937262493,0.113993492104,13.6883460466,49.9893953243,-0.0127529648312,
 ,7.8,1.11824522303,33.8520965901,1.24210340718,-151.648302632,1.12945914513,34.6731334469,0.11398825157,13.7452003742,49.9910437541,-0.0129964306524,
 ,7.82,1.11823020153,33.8984638322,1.24078465454,-151.589985626,1.12818274951,34.7399511134,0.113983372334,13.7897924968,49.9927229252,-0.0132401937318,
 ,7.84,1.11822259951,33.9324267922,1.23902984121,-151.54687274,1.12646595681,34.7938180678,0.113978926717,13.8219106403,49.9944311178,-0.0134748483387,
 ,7.86,1.11822362456,33.9538095446,1.23686184442,-151.519184939,1.12433136051,34.8344104544,0.113974983836,13.8413724648,49.9961651687,-0.013689617598,
 ,7.88,1.11823436318,33.9624755126,1.23430738542,-151.507070399,1.12180546006,34.8614608249,0.113971608346,13.8480372296,49.9979203678,-0.0138727297325,
 ,7.9,1.11825577503,33.9583388355,1.23139610214,-151.510590482,1.11891774323,34.8747763548,0.113968861305,13.8418174294,49.9996904432,-0.014012014048,
 ,7.92,1.11828872593,33.9413746794,1.2281595892,-151.529708769,1.11569972985,34.8742542729,0.113966802954,13.8226889911,50.0014676553,-0.0140956735968,
 ,7.94,1.11833405395,33.91162763,1.22463047105,-151.564284529,1.11218404164,34.8598927836,0.113965496914,13.7906991756,50.0032430054,-0.0141131446755,
 ,7.96,1.11839265706,33.8692174488,1.22084156361,-151.614071561,1.10840355323,34.8317961696,0.113965015034,13.7459715267,50.005006548,-0.0140559255408,
 ,7.98,1.11846558609,33.8143417242,1.21682516321,-151.678722853,1.10439066391,34.7901733662,0.113965441911,13.6887075168,50.0067477796,-0.0139182536117,
 ,8.0,1.11855412323,33.7472752736,1.21261248071,-151.757800858,1.10017670952,34.7353300019,0.113966877969,13.6191849077,50.008456066,-0.0136975305903,
 ,8.02,1.11865982561,33.6683664978,1.2082332174,-151.850792568,1.09579151345,34.6676546475,0.113969440054,13.5377532153,50.0101210644,-0.013394432758,
 ,8.04,1.11878451627,33.5780311971,1.20371526086,-151.95712802,1.09126305761,34.5876007073,0.113973258724,13.4448269729,50.0117330969,-0.0130126918394,
 ,8.06,1.1189302118,33.4767445941,1.19908446564,-152.076200426,1.08661724118,34.4956659411,0.113978471898,13.3408776809,50.0132834406,-0.012558582571,
 ,8.08,1.11909898527,33.3650324141,1.1943644787,-152.207385931,1.08187768972,34.3923719241,0.113985215097,13.2264253733,50.0147645122,-0.0120401984823,
 ,8.1,1.11929277563,33.2434618595,1.1895765719,-152.35006103,1.07706557917,34.2782457851,0.113993609196,13.102030615,50.0161699418,-0.0114666293327,
 ,8.12,1.11951316537,33.1126331642,1.1847394543,-152.503615993,1.07219944861,34.1538062697,0.114003747196,12.9682874988,50.0174945476,-0.0108471644098,
 ,8.14,1.11976115751,32.9731721863,1.1798690518,-152.667463162,1.06729498944,34.0195555968,0.114015681877,12.8258178912,50.0187342335,-0.010190631193,
 ,8.16,1.12003698647,32.8257242432,1.17497825946,-152.841039679,1.06236481547,33.8759778001,0.114029416313,12.6752668675,50.0198858438,-0.00950493955729,
 ,8.18,1.12033999468,32.6709491765,1.17007668857,-153.023804863,1.05741823392,33.7235434022,0.114044898878,12.5172990521,50.0209470007,-0.00879684697077,
 ,8.2,1.1206685982,32.5095175113,1.16517044438,-153.215233026,1.05246105089,33.5627195068,0.114062023794,12.352595506,50.0219159481,-0.00807190555568,
 ,8.22,1.12102035063,32.3421075558,1.16026197929,-153.414802907,1.04749545302,33.3939838234,0.114080637369,12.1818508738,50.0227914098,-0.00733451515207,
 ,8.24,1.12139209857,32.1694033515,1.15535006817,-153.621985044,1.04252000978,33.2178408234,0.114100549177,12.0057706891,50.023572459,-0.00658800049452,
 ,8.26,1.1217802062,31.9920934706,1.15042994879,-153.836228352,1.03752983706,33.0348381686,0.11412154658,11.825068947,50.0242583925,-0.00583465663173,
 ,8.28,1.12218081494,31.8108707125,1.14549365885,-154.056947035,1.0325169523,32.8455816799,0.114143410401,11.6404662026,50.0248486021,-0.00507575291101,
 ,8.3,1.12259009826,31.6264327199,1.14053058578,-154.283508751,1.02747083678,32.6507473774,0.114165929408,11.4526884861,50.0253424454,-0.00431153143607,
 ,8.32,1.12300447291,31.4394834341,1.13552822559,-154.515224783,1.02237920146,32.4510894408,0.11418891142,11.2624672232,50.0257391258,-0.00354125967605,
 ,8.34,1.12342073653,31.2507351572,1.1304731273,-154.751342821,1.0172289329,32.2474432992,0.11421218952,11.0705401593,50.0260375981,-0.00276338807146,
 ,8.36,1.1238361149,31.0609108702,1.12535197996,-154.991042799,1.01200717728,32.0407234579,0.114235622692,10.8776530818,50.0262365171,-0.00197582625329,
 ,8.38,1.12424821865,30.8707464036,1.12015278428,-155.233436034,1.00670250432,31.8319161263,0.114259091226,10.6845619836,50.0263342373,-0.00117630450876,
 ,8.4,1.12465492519,30.6809921024,1.11486603963,-155.477567634,1.00130608277,31.6220672112,0.114282488136,10.4920352493,50.0263288615,-0.000362752915349,
 ,8.42,1.12505421428,30.4924137404,1.10948587239,-155.722421785,0.995812793266,31.4122667479,0.114305708502,10.3008554722,50.0262183284,0.000466374431141,
 ,8.44,1.1254439929,30.305792572,1.10401103163,-155.966929249,0.990222205756,31.203631268,0.114328638965,10.1118205796,50.0260005214,0.00131187718102,
 ,8.46,1.12582194619,30.1219245041,1.09844568433,-156.209976117,0.984539354269,30.9972858695,0.1143511495,9.92574401201,50.0256733852,0.00217369270359,
 ,8.48,1.12618544573,29.9416184001,1.09279995295,-156.450412841,0.978775253762,30.7943477814,0.114373089162,9.74345373823,50.0252350431,0.00305085065155,
 ,8.5,1.12653153637,29.7656934901,1.08709015402,-156.687062645,0.972947119335,30.595912979,0.11439428677,9.56578990088,50.0246839166,0.00394144307804,
 ,8.52,1.12685700923,29.5949757918,1.08133871564,-156.918728725,0.96707826776,30.4030469362,0.114414556637,9.39360088874,50.0240188548,0.00484256223223,
 ,8.54,1.12715855431,29.4302933888,1.0755737741,-157.144200023,0.961197703299,30.2167799696,0.114433708659,9.22773766931,50.0232392805,0.00575018540913,
 ,8.56,1.12743297302,29.2724703935,1.06982847366,-157.362255795,0.955339412973,30.0381069307,0.114451561318,9.06904629569,50.0223453601,0.00665901929449,
 ,8.58,1.12767742198,29.1223194638,1.06414001649,-157.571669563,0.949541418659,29.867990338,0.114467955773,8.91835862395,50.021338193,0.00756234043803,
 ,8.6,1.12788965413,28.9806328221,1.05854852994,-157.77121332,0.943844652507,29.7073654925,0.114482769032,8.77648141626,50.0202200148,0.0084518764028,
 ,8.62,1.12806822447,28.8481718294,1.05309583266,-157.959663032,0.938291735694,29.5571457576,0.114495924375,8.64418412907,50.0189944,0.00931776522391,
 ,8.64,1.12821263274,28.7256552778,1.047824188,-158.135806459,0.932925746535,29.4182260391,0.114507397633,8.52218577687,50.0176664519,0.0101486172165,
 ,8.66,1.12832338485,28.6137466713,1.04277513096,-158.298454179,0.927789061327,29.2914826171,0.114517218518,8.41114131879,50.0162429621,0.0109316915971,
 ,8.68,1.12840196573,28.513040872,1.03798844356,-158.446454446,0.922922339846,29.1777678382,0.114525466883,8.31162805296,50.0147325256,0.0116531948087,
 ,8.7,1.1284507279,28.4240506017,1.03350133423,-158.578712037,0.918363708425,29.0778987689,0.11453226443,8.22413253731,50.0131455938,0.0122987057178,
 ,8.72,1.12847270979,28.3471934027,1.0293478521,-158.694210818,0.91414816917,28.9926396654,0.114537762935,8.1490385944,50.0114944513,0.0128537288712,
 ,8.74,1.1284714053,28.2827797583,1.02555853881,-158.792039207,0.910307237023,28.9226789544,0.114542130401,8.08661699152,50.0097930988,0.0133043658096,
 ,8.76,1.12845051063,28.2310031259,1.02216029382,-158.871417237,0.906868780397,28.8686022179,0.114545536737,8.03701739784,50.0080570363,0.0136380759269,
 ,8.78,1.12841367524,28.1919326336,1.01917640597,-158.931723599,0.90385701915,28.8308633352,0.114548140533,8.00026318795,50.0063029408,0.013844477766,
 ,8.8,1.12836428229,28.1655091128,1.01662668772,-158.97252084,0.901292618515,28.8097563436,0.11455007832,7.97624957722,50.0045482482,0.0139161269178,
 ,8.82,1.12830527968,28.1515449992,1.01452764181,-158.993576917,0.899192811049,28.8053906877,0.114551457383,7.9647454459,50.0028106532,0.0138492032682,
 ,8.84,1.128239077,28.1497284537,1.01289259196,-158.994881496,0.897571481569,28.8176723221,0.114552352834,7.96539905102,50.0011075507,0.0136440483882,
 ,8.86,1.12816751615,28.1596318387,1.01173172158,-158.976655732,0.896439161615,28.8462926447,0.114552809135,7.97774765405,49.9994554463,0.0133055081056,
 ,8.88,1.12809191507,28.180724459,1.01105198252,-158.939354717,0.895802898614,28.8907265463,0.11455284579,8.00123091247,49.9978693655,0.0128430484009,
 ,8.9,1.12801317565,28.2123892264,1.01085685989,-158.883662265,0.895665987834,28.9502400538,0.114552466425,8.03520769385,49.996362296,0.0122706211621,
 ,8.92,1.12793193853,28.2539426494,1.0111460029,-158.810478177,0.896027579363,29.0239072306,0.114551669998,8.07897576541,49.9949446968,0.0116062619115,
 ,8.94,1.12784876114,28.3046572857,1.01191475474,-158.720898542,0.896882194797,29.1106352723,0.114550462587,8.13179359956,49.9936241102,0.0108714116928,
 ,8.96,1.12776429188,28.3637855662,1.0131536329,-158.616189982,0.898219206477,29.2091961807,0.114548868027,8.19290334202,49.9924049082,0.0100899769082,
 ,8.98,1.127679413,28.4305837468,1.01484782359,-158.497758914,0.900022344306,29.3182630655,0.114546935772,8.26155385502,49.9912881985,0.00928717531502,
 ,9.0,1.12759532859,28.5043347094,1.0169767601,-158.367117068,0.902269300268,29.4364490147,0.114544744703,8.33702271375,49.9902719002,0.00848825652256,
 ,9.02,1.12751358223,28.5843684437,1.01951385275,-158.225844462,0.904931498617,29.5623465557,0.114542402158,8.41863611945,49.9893509825,0.00771721715927,
 ,9.04,1.12743599895,28.6700792756,1.02242643067,-158.075551092,0.907974090379,29.6945659362,0.114540038154,8.50578588555,49.9885178431,0.00699564041049,
 ,9.06,1.12736455855,28.7609392269,1.02567594049,-157.917838564,0.911356215244,29.8317707123,0.114537795558,8.59794290898,49.9877627885,0.00634176988059,
 ,9.08,1.12730121873,28.8565072247,1.02921842816,-157.754262951,0.915031553074,29.9727093919,0.114535817598,8.69466680244,49.9870745755,0.00576988340814,
 ,9.1,1.12724771523,28.9564341679,1.03300530588,-157.586300178,0.918949162904,30.1162421314,0.114534234544,8.79561158684,49.9864409716,0.00528997861167,
 ,9.12,1.12720537084,29.0604640814,1.03698438135,-157.415315259,0.92305458152,30.261361748,0.114533151564,8.90052751032,49.9858493027,0.00490773677912,
 ,9.14,1.12717494396,29.1684317269,1.04110110121,-157.242536538,0.92729112918,30.4072086252,0.114532639543,9.00925918294,49.985286962,0.0046247083057,
 ,9.16,1.1271565412,29.2802571388,1.04529993915,-157.069035809,0.931601349522,30.5530794759,0.114532730135,9.1217403282,49.9847418652,0.00443866298773,
 ,9.18,1.12714960721,29.3959376213,1.04952584395,-156.895714769,0.935928496934,30.6984303655,0.114533415633,9.23798557645,49.984202837,0.00434406298677,
 ,9.2,1.12715299204,29.515537807,1.05372565532,-156.723297681,0.94021797935,30.8428748129,0.11453465338,9.35807986802,49.9836599208,0.00433263116186,
 ,9.22,1.12716508242,29.6391784186,1.0578493987,-156.552329689,0.944418668655,30.9861781041,0.114536373709,9.48216616879,49.9831046026,0.00439399183197,
 ,9.24,1.12718397281,29.7670243872,1.06185138171,-156.383179848,0.948484004096,31.1282490643,0.11453848983,9.61043228775,49.9825299469,0.00451635215701,
 ,9.26,1.12720764564,29.8992729227,1.06569103597,-156.216047789,0.952372835038,31.2691304241,0.114540907803,9.74309758728,49.9819306466,0.00468717671601,
 ,9.28,1.12723412972,30.0361420209,1.06933347429,-156.050973065,0.956049975639,31.4089885869,0.114543534848,9.88040027387,49.9813030011,0.00489379611725,
 ,9.3,1.12726161141,30.1778597208,1.07274976281,-155.887846453,0.959486472606,31.5481031461,0.114546284611,10.0225857626,49.9806448399,0.00512389171843,
 ,9.32,1.12728848334,30.3246542402,1.07591693601,-155.726422868,0.962659614674,31.6868560199,0.11454907874,10.1698963591,49.9799554167,0.00536581511734,
 ,9.34,1.1273133282,30.4767449461,1.07881780717,-155.566335846,0.965552735568,31.8257196902,0.114551844822,10.3225622481,49.9792352967,0.00560872874767,
 ,9.36,1.12733484804,30.6343339868,1.08144064262,-155.407113788,0.968154877697,31.9652438211,0.114554511497,10.4807935631,49.9784862572,0.00584258385782,
 ,9.38,1.12735175958,30.7975983492,1.08377877496,-155.248198205,0.970460389825,32.1060395484,0.114557002085,10.6447731704,49.977711215,0.00605797685753,
 ,9.4,1.12736268211,30.9666820985,1.08583022545,-155.088964128,0.972468527432,32.2487609489,0.114559228305,10.8146497516,49.9769141836,0.00624594049451,
 ,9.42,1.12736604471,31.1416886192,1.08759739101,-154.928742583,0.974183110295,32.3940835891,0.114561085611,10.9905308157,49.976100259,0.00639773330153,
 ,9.44,1.12736003568,31.3226727938,1.08908682871,-154.766844739,0.975612270223,32.542680548,0.114562451328,11.1724754119,49.9752756203,0.00650469143924,
 ,9.46,1.12734260794,31.5096332181,1.09030914388,-154.602586949,0.976768296221,32.695196833,0.114563186229,11.3604865335,49.9744475256,0.00655820254269,
 ,9.48,1.12731154378,31.70250475,1.09127896113,-154.435315578,0.97766755879,32.8522235912,0.114563139549,11.5545034746,49.9736242815,0.00654984946167,
 ,9.5,1.12726457133,31.9011518852,1.09201493542,-154.264430215,0.978330473392,33.0142738724,0.114562156841,11.7543946764,49.972815156,0.00647174931706,
 ,9.52,1.1271995162,32.1053636066,1.09253974534,-154.089403806,0.978781448689,33.181761852,0.114560089617,11.9599518236,49.9720302142,0.00631707813359,
 ,9.54,1.12711446606,32.3148504201,1.09288000551,-153.909798296,0.979048759853,33.3549873076,0.114556805457,12.1708860583,49.9712800631,0.00608072726015,
 ,9.56,1.1270079255,32.5292442243,1.09306604064,-153.725274743,0.979164291637,33.5341267464,0.114552197315,12.3868271203,49.9705755047,0.00575999533763,
 ,9.58,1.12687894142,32.7481014668,1.09313147736,-153.535597395,0.979163109072,33.7192319281,0.114546190985,12.6073260037,49.969927118,0.00535519348004,
 ,9.6,1.12672718638,32.9709097388,1.09311263199,-153.340631881,0.979082833622,33.9102357257,0.114538750071,12.8318613584,49.9693448029,0.0048700439655,
 ,9.62,1.12655299513,33.1970976186,1.09304769714,-153.140338341,0.978962826518,34.1069644477,0.114529878322,13.0598494668,49.9688373277,0.00431178734837,
 ,9.64,1.1263573582,33.4260472671,1.09297575623,-152.934760847,0.978843205919,34.3091550536,0.114519619573,13.2906572486,49.9684119238,0.00369097023432,
 ,9.66,1.12614188177,33.6571090574,1.09293567831,-152.724014723,0.978763747208,34.5164752631,0.114508055862,13.5236174891,49.9680739616,0.00302094693886,
 ,9.68,1.12590872666,33.8896174148,1.0929649632,-152.50827343,0.978762733448,34.7285444102,0.114495304419,13.7580453567,49.9678267291,0.00231717236126,
 ,9.7,1.12566053889,34.1229070271,1.09309861698,-152.287756433,0.978875833346,34.9449530243,0.114481514175,13.993255267,49.9676713227,0.00159637829165,
 ,9.72,1.12540038162,34.3563286277,1.09336813845,-152.062719168,0.979135085634,35.1652794409,0.114466862254,14.2285772129,49.9676066488,0.000875711767854,
 ,9.74,1.12513167393,34.5892636059,1.09380068855,-151.833445827,0.979568061087,35.3891021584,0.114451550666,14.4633717673,49.9676295322,0.000171885460397,
 ,9.76,1.12485813725,34.8211367513,1.09441849773,-151.600245365,0.9801972573,35.6160070982,0.114435803126,14.6970430494,49.9677349245,-0.000499635635514,
 ,9.78,1.12458374671,35.0514264924,1.09523854273,-151.36345091,0.981039758856,35.8455893546,0.114419861804,14.9290490292,49.9679162049,-0.0011253959349,
 ,9.8,1.12431268188,35.2796720805,1.09627249783,-151.123422482,0.982107169352,36.0774494544,0.114403983635,15.158908662,49.968165563,-0.00169463354839,
 ,9.82,1.12404927113,35.5054773273,1.09752693826,-150.880552752,0.983405795201,36.3111846097,0.114388435914,15.3862055149,49.9684744441,-0.00219983962344,
 ,9.84,1.12379792398,35.7285107354,1.09900374977,-150.635275238,0.98493703723,36.5463759484,0.114373490918,15.6105877959,49.9688340301,-0.00263712724895,
 ,9.86,1.12356304708,35.9485021619,1.10070067938,-150.388074019,0.986697927732,36.7825732225,0.114359419459,15.831764993,49.9692357184,-0.00300634341987,
 ,9.88,1.12334894123,36.1652364656,1.10261195168,-150.139493683,0.988681739696,37.019278942,0.114346483347,16.0495016457,49.9696715591,-0.00331087930029,
 ,9.9,1.12315967848,36.3785448701,1.10472887269,-149.89014796,0.990878592759,37.2559341676,0.114334926887,16.2636090383,49.9701346098,-0.00355717464687,
 ,9.92,1.12299896039,36.5882949688,1.10704035073,-149.640725414,0.993275987218,37.4919082256,0.114324967616,16.4739357803,49.9706191781,-0.00375396072111,
 ,9.94,1.12286996093,36.7943803708,1.10953327913,-149.391990677,0.99585921254,37.7264943221,0.114316786602,16.6803582836,49.9711209358,-0.00391132898732,
 ,9.96,1.12277516031,36.9967109332,1.11219274896,-149.14478011,0.99861159859,37.9589124517,0.114310518749,16.8827720563,49.9716369022,-0.00403973984406,
 ,9.98,1.12271617952,37.1952043624,1.11500208665,-148.899991358,1.00151460375,38.1883201733,0.114306243723,17.0810845303,49.9721653148,-0.00414909150446,
 ,10.0,1.12269362902,37.3897797163,1.11794274025,-148.658566938,1.00454776122,38.4138308969,0.114303978264,17.2752098492,49.9727054111,-0.00424795510798,
